MODEL, CONNECTOR, FORM
1003252-100113-1, UNKNOWN, RECTANGLE
1003252-100113-2, UNKNOWN, RECTANGLE
1003303-100109-1, UNKNOWN, RECTANGLE
1003303-100109-2, UNKNOWN, RECTANGLE
1003325-100107-1, CUSTOM, RECTANGLE
1003350-100102-1, CUSTOM, CUSTOM
1003350-100102-2, CUSTOM, CUSTOM
1003375-100114-1, PIN_3, RECTANGLE
1003382-100114-1, PIN_3, RECTANGLE
1003411-100107-1, CUSTOM, RECTANGLE
1003423-100109-2, PIN_8, RECTANGLE
1003439-100113-1, UNKNOWN, RECTANGLE
1003439-100113-2, UNKNOWN, RECTANGLE
1003452-100108-2, CUSTOM, RECTANGLE
1003467-100105-1, PIN_10, RECTANGLE
1003467-100105-2, PIN_10, RECTANGLE
1003471-100113-1, PIN_9, RECTANGLE
1003471-100113-2, PIN_9, RECTANGLE
1003483-100107-1, UNKNOWN, UNKNOWN
1003483-100107-2, UNKNOWN, UNKNOWN
1003504-100109-1, PIN_8, SQUARE
1003522-100434-1, CUSTOM, CUSTOM
1003522-100434-2, CUSTOM, CUSTOM
1003565-100434-1, CUSTOM, CUSTOM
1003565-100434-2, CUSTOM, CUSTOM
1003571-100113-1, PIN_9, RECTANGLE
1003571-100113-2, PIN_9, RECTANGLE
1003582-100114-1, UNKNOWN, RECTANGLE
1003596-100107-1, UNKNOWN, RECTANGLE
1003596-100107-2, UNKNOWN, RECTANGLE
1003604-100109-1, UNKNOWN, RECTANGLE
1003616-100114-1, UNKNOWN, RECTANGLE
1003616-100114-2, UNKNOWN, RECTANGLE
1003633-100107-1, CUSTOM, CUSTOM
1003633-100107-2, CUSTOM, CUSTOM
1003638-100107-1, CUSTOM, RECTANGLE
1003638-100107-2, CUSTOM, RECTANGLE
1003747-100109-1, UNKNOWN, RECTANGLE
1003778-100105-1, UNKNOWN, RECTANGLE
1003778-100105-2, UNKNOWN, RECTANGLE
1003781-100107-1, UNKNOWN, RECTANGLE
1003781-100107-2, UNKNOWN, RECTANGLE
1003798-100113-1, CUSTOM, RECTANGLE
1003807-100109-1, UNKNOWN, CUSTOM
1003807-100109-2, UNKNOWN, CUSTOM
1003808-100109-1, UNKNOWN, SQUARE
1003808-100109-2, UNKNOWN, SQUARE
1003843-100399-1, PIN_10, RECTANGLE
1003843-100399-2, UNKNOWN, RECTANGLE
1003861-100114-1, UNKNOWN, RECTANGLE
1003861-100114-2, UNKNOWN, RECTANGLE
1003863-100114-1, UNKNOWN, RECTANGLE
1003863-100114-2, UNKNOWN, RECTANGLE
1003868-100107-1, CUSTOM, RECTANGLE
1003868-100107-2, CUSTOM, RECTANGLE
1003871-100109-1, UNKNOWN, RECTANGLE
1003871-100109-2, UNKNOWN, RECTANGLE
1003972-100430-1, CUSTOM, SQUARE
1003999-100109-1, UNKNOWN, RECTANGLE
1003999-100109-2, UNKNOWN, RECTANGLE
1004022-100114-1, UNKNOWN, UNKNOWN
1004049-100430-1, CUSTOM, RECTANGLE
1004049-100430-2, CUSTOM, RECTANGLE
1004111-100107-1, UNKNOWN, RECTANGLE
1004111-100107-2, UNKNOWN, RECTANGLE
1004118-100399-1, PIN_12, RECTANGLE
1004118-100399-2, PIN_12, RECTANGLE
1004118-100443-2, CUSTOM, RECTANGLE
1004191-100114-1, PIN_8, RECTANGLE
1004191-100114-2, PIN_8, RECTANGLE
1004215-100114-1, CUSTOM, RECTANGLE
1004215-100114-2, CUSTOM, RECTANGLE
1004216-100114-1, UNKNOWN, SQUARE
1004216-100114-2, UNKNOWN, SQUARE
1004397-100154-1, PIN_9, RECTANGLE
1004397-100154-2, PIN_9, RECTANGLE
1004399-100401-2, CUSTOM, RECTANGLE
1004399-100449-1, CUSTOM, SQUARE
1004415-100109-1, UNKNOWN, CUSTOM
1004415-100109-2, UNKNOWN, CUSTOM
1004417-100109-1, UNKNOWN, CUSTOM
1004417-100109-2, UNKNOWN, CUSTOM
1004477-100109-1, UNKNOWN, CUSTOM
1004477-100109-2, UNKNOWN, CUSTOM
1004787-100104-1, CUSTOM, CUSTOM
1004787-100104-2, CUSTOM, CUSTOM
1004820-100109-1, UNKNOWN, CUSTOM
1004820-100109-2, UNKNOWN, CUSTOM
1004853-100107-1, CUSTOM, RECTANGLE
1004853-100107-2, CUSTOM, RECTANGLE
1004867-100109-1, UNKNOWN, CUSTOM
1004867-100109-2, UNKNOWN, CUSTOM
1004884-100423-1, PIN_9, RECTANGLE
1004884-100423-2, PIN_9, RECTANGLE
1004890-100109-1, UNKNOWN, CUSTOM
1004890-100109-2, UNKNOWN, CUSTOM
1004894-100105-1, PIN_12, SQUARE
1004894-100105-2, PIN_12, SQUARE
1004937-100200-1, UNKNOWN, CUSTOM
1004937-100200-2, UNKNOWN, CUSTOM
1004968-100109-1, UNKNOWN, CUSTOM
1004968-100109-2, UNKNOWN, CUSTOM
1004970-100441-1, CUSTOM, SQUARE
1004970-100441-2, CUSTOM, SQUARE
1004970-100517-1, PIN_10, SQUARE
1004970-100517-2, PIN_10, SQUARE
1004978-100423-1, CUSTOM, CUSTOM
1004978-100423-2, CUSTOM, CUSTOM
1005104-100109-1, UNKNOWN, RECTANGLE
1005104-100109-2, UNKNOWN, RECTANGLE
1005268-100104-1, UNKNOWN, SQUARE
1005268-100104-2, UNKNOWN, SQUARE
1005351-100519-2, PIN_10, SQUARE
1005351-100520-1, PIN_10, SQUARE
1005351-100520-2, PIN_10, SQUARE
1005351-100548-2, PIN_10, SQUARE
1005351-100566-2, PIN_10, SQUARE
1005351-100568-2, PIN_10, SQUARE
1005351-100578-2, PIN_10, SQUARE
1005351-100592-2, PIN_10, SQUARE
1005351-100597-2, PIN_10, SQUARE
1005351-100598-2, PIN_10, SQUARE
1005351-100616-2, PIN_10, SQUARE
1005401-100109-1, PIN_8, RECTANGLE
1005401-100109-2, PIN_8, RECTANGLE
1005450-100444-1, PIN_9, FAT
1005450-100553-2, PIN_9, FAT
1005458-100520-1, PIN_10, SQUARE
1005458-100561-2, PIN_10, SQUARE
1005480-100564-1, PIN_10, SQUARE
1005480-100564-2, PIN_10, SQUARE
1002463-100113-1, UNKNOWN, RECTANGLE
1002463-100113-2, UNKNOWN, RECTANGLE
1002573-100104-1, CUSTOM, RECTANGLE
1002573-100104-2, CUSTOM, RECTANGLE
1002939-100102-1, UNKNOWN, RECTANGLE
1002939-100102-2, UNKNOWN, RECTANGLE
1003130-100113-1, CUSTOM, RECTANGLE
1003169-100109-1, UNKNOWN, RECTANGLE
1003169-100109-2, UNKNOWN, RECTANGLE
1003235-100113-1, UNKNOWN, UNKNOWN
1003235-100113-2, UNKNOWN, UNKNOWN
1003268-100105-1, UNKNOWN, UNKNOWN
1003268-100105-2, UNKNOWN, UNKNOWN
1003278-100104-1, UNKNOWN, UNKNOWN
1003278-100104-2, UNKNOWN, UNKNOWN
1003280-100113-1, CUSTOM, UNKNOWN
1003280-100113-2, CUSTOM, UNKNOWN
1003292-100114-1, UNKNOWN, UNKNOWN
1003292-100114-2, UNKNOWN, UNKNOWN
1003307-100114-1, UNKNOWN, UNKNOWN
1003307-100114-2, UNKNOWN, UNKNOWN
1003360-100121-1, UNKNOWN, UNKNOWN
1003360-100121-2, UNKNOWN, UNKNOWN
1003367-100107-1, UNKNOWN, UNKNOWN
1003367-100107-2, UNKNOWN, UNKNOWN
1003372-100108-1, CUSTOM, UNKNOWN
1003372-100108-2, CUSTOM, UNKNOWN
1003374-100107-1, CUSTOM, UNKNOWN
1003374-100107-2, CUSTOM, UNKNOWN
1003376-100114-1, UNKNOWN, UNKNOWN
1003376-100114-2, UNKNOWN, UNKNOWN
1003378-100105-1, UNKNOWN, UNKNOWN
1003386-100107-1, CUSTOM, UNKNOWN
1003386-100107-2, CUSTOM, UNKNOWN
1003394-100104-1, CUSTOM, CUSTOM
1003394-100104-2, CUSTOM, CUSTOM
1003412-100107-1, CUSTOM, UNKNOWN
1003412-100107-2, CUSTOM, UNKNOWN
1003434-100104-1, CUSTOM, UNKNOWN
1003440-100108-1, CUSTOM, UNKNOWN
1003440-100108-2, CUSTOM, UNKNOWN
1003452-100108-1, CUSTOM, UNKNOWN
1003453-100105-1, UNKNOWN, UNKNOWN
1003453-100105-2, UNKNOWN, UNKNOWN
1003480-100102-1, UNKNOWN, CUSTOM
1003480-100102-2, UNKNOWN, CUSTOM
1003488-100114-1, UNKNOWN, UNKNOWN
1003488-100114-2, UNKNOWN, UNKNOWN
1003490-100102-1, UNKNOWN, UNKNOWN
1003505-100104-1, UNKNOWN, CUSTOM
1003505-100104-2, UNKNOWN, CUSTOM
1003525-100114-1, UNKNOWN, UNKNOWN
1003525-100114-2, UNKNOWN, UNKNOWN
1003537-100104-1, UNKNOWN, CUSTOM
1003537-100104-2, UNKNOWN, CUSTOM
1003542-100102-1, UNKNOWN, UNKNOWN
1003542-100102-2, UNKNOWN, UNKNOWN
1003546-100106-1, CUSTOM, CUSTOM
1003546-100106-2, CUSTOM, CUSTOM
1003548-100107-1, CUSTOM, CUSTOM
1003548-100107-2, CUSTOM, CUSTOM
1003549-100107-1, CUSTOM, UNKNOWN
1003549-100107-2, CUSTOM, UNKNOWN
1003550-100114-1, UNKNOWN, UNKNOWN
1003550-100114-2, UNKNOWN, UNKNOWN
1003554-100102-1, UNKNOWN, UNKNOWN
1003554-100102-2, UNKNOWN, UNKNOWN
1003555-100109-1, UNKNOWN, UNKNOWN
1003555-100109-2, UNKNOWN, UNKNOWN
1003570-100109-1, UNKNOWN, UNKNOWN
1003570-100109-2, UNKNOWN, UNKNOWN
1003573-100107-1, CUSTOM, UNKNOWN
1003578-100109-1, CUSTOM, UNKNOWN
1003578-100109-2, CUSTOM, UNKNOWN
1003588-100108-1, UNKNOWN, UNKNOWN
1003588-100108-2, UNKNOWN, UNKNOWN
1003592-100109-1, UNKNOWN, UNKNOWN
1003593-100109-1, CUSTOM, UNKNOWN
1003593-100109-2, CUSTOM, UNKNOWN
1003597-100114-1, UNKNOWN, UNKNOWN
1003597-100114-2, UNKNOWN, UNKNOWN
1003598-100108-1, CUSTOM, UNKNOWN
1003598-100108-2, CUSTOM, UNKNOWN
1003603-100200-2, UNKNOWN, UNKNOWN
1003603-100399-1, UNKNOWN, UNKNOWN
1003603-100399-2, UNKNOWN, UNKNOWN
1003603-100427-2, UNKNOWN, UNKNOWN
1003603-100441-2, UNKNOWN, UNKNOWN
1003606-100104-1, UNKNOWN, UNKNOWN
1003606-100104-2, UNKNOWN, UNKNOWN
1003629-100146-1, UNKNOWN, UNKNOWN
1003629-100146-2, UNKNOWN, UNKNOWN
1003646-100114-1, UNKNOWN, UNKNOWN
1003646-100114-2, UNKNOWN, UNKNOWN
1003650-100105-1, UNKNOWN, UNKNOWN
1003650-100105-2, UNKNOWN, UNKNOWN
1003670-100104-1, UNKNOWN, UNKNOWN
1003670-100104-2, UNKNOWN, UNKNOWN
1003671-100107-1, UNKNOWN, UNKNOWN
1003671-100107-2, UNKNOWN, UNKNOWN
1003681-100105-1, UNKNOWN, UNKNOWN
1003693-100114-1, UNKNOWN, UNKNOWN
1003693-100114-2, UNKNOWN, UNKNOWN
1003699-100114-1, UNKNOWN, UNKNOWN
1003699-100114-2, UNKNOWN, UNKNOWN
1003709-100107-1, CUSTOM, UNKNOWN
1003709-100107-2, CUSTOM, UNKNOWN
1003710-100107-1, UNKNOWN, UNKNOWN
1003710-100107-2, UNKNOWN, UNKNOWN
1003731-100104-1, UNKNOWN, UNKNOWN
1003740-100109-1, UNKNOWN, UNKNOWN
1003740-100109-2, UNKNOWN, UNKNOWN
1003744-100107-1, UNKNOWN, UNKNOWN
1003744-100107-2, UNKNOWN, UNKNOWN
1003748-100109-1, UNKNOWN, UNKNOWN
1003748-100109-2, UNKNOWN, UNKNOWN
1003752-100102-1, UNKNOWN, UNKNOWN
1003752-100102-2, UNKNOWN, UNKNOWN
1003758-100399-1, UNKNOWN, UNKNOWN
1003758-100399-2, UNKNOWN, UNKNOWN
1003762-100114-1, UNKNOWN, UNKNOWN
1003776-100113-1, UNKNOWN, UNKNOWN
1003776-100113-2, UNKNOWN, UNKNOWN
1003786-100107-1, CUSTOM, UNKNOWN
1003786-100107-2, CUSTOM, UNKNOWN
1003789-100107-1, CUSTOM, UNKNOWN
1003789-100107-2, CUSTOM, UNKNOWN
1003810-100109-1, UNKNOWN, UNKNOWN
1003810-100109-2, UNKNOWN, UNKNOWN
1003831-100146-1, UNKNOWN, UNKNOWN
1003831-100146-2, UNKNOWN, UNKNOWN
1003842-100163-2, UNKNOWN, UNKNOWN
1003842-100421-2, UNKNOWN, UNKNOWN
1003842-100427-2, UNKNOWN, UNKNOWN
1003842-100429-2, UNKNOWN, UNKNOWN
1003842-100443-2, UNKNOWN, UNKNOWN
1003842-100445-2, UNKNOWN, UNKNOWN
1003842-100484-2, UNKNOWN, UNKNOWN
1003842-100488-2, UNKNOWN, UNKNOWN
1003849-100109-1, UNKNOWN, UNKNOWN
1003849-100109-2, UNKNOWN, UNKNOWN
1003850-100109-1, CUSTOM, UNKNOWN
1003853-100107-1, CUSTOM, UNKNOWN
1003853-100107-2, CUSTOM, UNKNOWN
1003865-100401-2, UNKNOWN, UNKNOWN
1003865-100427-1, UNKNOWN, UNKNOWN
1003865-100427-2, UNKNOWN, UNKNOWN
1003882-100107-1, CUSTOM, UNKNOWN
1003882-100107-2, CUSTOM, UNKNOWN
1003886-100104-1, UNKNOWN, UNKNOWN
1003886-100104-2, UNKNOWN, UNKNOWN
1003898-100104-1, UNKNOWN, UNKNOWN
1003898-100104-2, UNKNOWN, UNKNOWN
1003899-100107-2, CUSTOM, UNKNOWN
1003901-100109-1, PIN_8, RECTANGLE
1003901-100109-2, PIN_8, RECTANGLE
1003904-100102-1, UNKNOWN, UNKNOWN
1003904-100102-2, UNKNOWN, UNKNOWN
1003917-100109-1, CUSTOM, UNKNOWN
1003917-100109-2, CUSTOM, UNKNOWN
1003918-100109-1, UNKNOWN, UNKNOWN
1003918-100109-2, UNKNOWN, UNKNOWN
1003919-100102-2, UNKNOWN, UNKNOWN
1003976-100102-1, UNKNOWN, UNKNOWN
1003976-100102-2, UNKNOWN, UNKNOWN
1003987-100107-1, CUSTOM, UNKNOWN
1003987-100107-2, CUSTOM, UNKNOWN
1004005-100109-1, UNKNOWN, UNKNOWN
1004005-100109-2, UNKNOWN, UNKNOWN
1004011-100104-1, UNKNOWN, UNKNOWN
1004011-100104-2, UNKNOWN, UNKNOWN
1004025-100401-1, UNKNOWN, UNKNOWN
1004025-100401-2, UNKNOWN, UNKNOWN
1004025-100482-2, UNKNOWN, UNKNOWN
1004026-100147-1, UNKNOWN, UNKNOWN
1004026-100147-2, UNKNOWN, UNKNOWN
1004026-100401-1, UNKNOWN, UNKNOWN
1004026-100401-2, UNKNOWN, UNKNOWN
1004053-100104-1, UNKNOWN, CUSTOM
1004053-100104-2, UNKNOWN, CUSTOM
1004084-100108-1, CUSTOM, CUSTOM
1004084-100108-2, CUSTOM, CUSTOM
1004086-100114-1, UNKNOWN, UNKNOWN
1004086-100114-2, UNKNOWN, UNKNOWN
1004086-100421-2, UNKNOWN, UNKNOWN
1004101-100107-1, UNKNOWN, UNKNOWN
1004101-100107-2, UNKNOWN, UNKNOWN
1004102-100107-1, UNKNOWN, UNKNOWN
1004102-100107-2, UNKNOWN, UNKNOWN
1004113-100108-1, CUSTOM, RECTANGLE
1004113-100108-2, CUSTOM, RECTANGLE
1004115-100105-1, UNKNOWN, UNKNOWN
1004150-100109-1, UNKNOWN, UNKNOWN
1004150-100109-2, UNKNOWN, UNKNOWN
1004178-100112-2, UNKNOWN, CUSTOM
1004178-100114-1, UNKNOWN, CUSTOM
1004188-100109-1, UNKNOWN, UNKNOWN
1004188-100109-2, UNKNOWN, UNKNOWN
1004189-100109-1, CUSTOM, UNKNOWN
1004189-100109-2, CUSTOM, UNKNOWN
1004190-100107-1, CUSTOM, UNKNOWN
1004190-100107-2, CUSTOM, UNKNOWN
1004194-100441-1, UNKNOWN, UNKNOWN
1004194-100441-2, UNKNOWN, UNKNOWN
1004205-100112-1, UNKNOWN, CUSTOM
1004205-100112-2, UNKNOWN, CUSTOM
1004257-100430-1, CUSTOM, UNKNOWN
1004257-100430-2, CUSTOM, UNKNOWN
1004266-100105-1, UNKNOWN, UNKNOWN
1004266-100105-2, UNKNOWN, UNKNOWN
1004275-100104-1, UNKNOWN, UNKNOWN
1004312-100102-1, UNKNOWN, UNKNOWN
1004312-100102-2, UNKNOWN, UNKNOWN
1004313-100102-1, UNKNOWN, UNKNOWN
1004313-100102-2, UNKNOWN, UNKNOWN
1004317-100114-1, UNKNOWN, UNKNOWN
1004317-100114-2, UNKNOWN, UNKNOWN
1004322-100109-1, CUSTOM, UNKNOWN
1004322-100109-2, CUSTOM, UNKNOWN
1004326-100114-1, UNKNOWN, CUSTOM
1004326-100114-2, UNKNOWN, CUSTOM
1004331-100114-1, UNKNOWN, CUSTOM
1004331-100114-2, UNKNOWN, CUSTOM
1004388-100105-1, UNKNOWN, UNKNOWN
1004388-100105-2, UNKNOWN, UNKNOWN
1004390-100105-1, UNKNOWN, UNKNOWN
1004390-100105-2, UNKNOWN, UNKNOWN
1004393-100154-1, UNKNOWN, UNKNOWN
1004393-100154-2, UNKNOWN, UNKNOWN
1004402-100109-1, UNKNOWN, CUSTOM
1004402-100109-2, UNKNOWN, CUSTOM
1004403-100109-1, UNKNOWN, CUSTOM
1004403-100109-2, UNKNOWN, CUSTOM
1004416-100109-1, UNKNOWN, CUSTOM
1004416-100109-2, UNKNOWN, CUSTOM
1004418-100109-1, UNKNOWN, UNKNOWN
1004418-100109-2, UNKNOWN, UNKNOWN
1004420-100109-1, UNKNOWN, CUSTOM
1004420-100109-2, UNKNOWN, CUSTOM
1004424-100105-2, UNKNOWN, CUSTOM
1004424-100109-1, UNKNOWN, CUSTOM
1004424-100109-2, UNKNOWN, CUSTOM
1004425-100109-1, UNKNOWN, UNKNOWN
1004425-100109-2, UNKNOWN, UNKNOWN
1004461-100105-1, UNKNOWN, CUSTOM
1004478-100109-1, UNKNOWN, UNKNOWN
1004493-100399-1, UNKNOWN, UNKNOWN
1004493-100399-2, UNKNOWN, UNKNOWN
1004510-100104-1, CUSTOM, UNKNOWN
1004551-100421-1, CUSTOM, UNKNOWN
1004551-100421-2, CUSTOM, UNKNOWN
1004557-100109-1, PIN_8, UNKNOWN
1004557-100109-2, PIN_8, UNKNOWN
1004560-100104-1, CUSTOM, UNKNOWN
1004560-100104-2, CUSTOM, UNKNOWN
1004565-100106-1, PIN_11, CUSTOM
1004565-100106-2, PIN_11, CUSTOM
1004567-100104-1, CUSTOM, UNKNOWN
1004567-100104-2, CUSTOM, UNKNOWN
1004568-100105-1, UNKNOWN, UNKNOWN
1004568-100105-2, UNKNOWN, UNKNOWN
1004594-100104-1, UNKNOWN, UNKNOWN
1004594-100104-2, UNKNOWN, UNKNOWN
1004594-100105-1, UNKNOWN, UNKNOWN
1004716-100401-1, UNKNOWN, UNKNOWN
1004716-100401-2, UNKNOWN, UNKNOWN
1004719-100483-1, UNKNOWN, UNKNOWN
1004719-100483-2, UNKNOWN, UNKNOWN
1004773-100105-1, UNKNOWN, UNKNOWN
1004773-100105-2, UNKNOWN, UNKNOWN
1004782-100200-1, UNKNOWN, UNKNOWN
1004784-100109-1, UNKNOWN, UNKNOWN
1004784-100109-2, UNKNOWN, UNKNOWN
1004843-100430-1, CUSTOM, UNKNOWN
1004843-100430-2, CUSTOM, UNKNOWN
1004857-100399-1, UNKNOWN, UNKNOWN
1004857-100399-2, UNKNOWN, UNKNOWN
1004873-100109-1, UNKNOWN, CUSTOM
1004873-100109-2, UNKNOWN, CUSTOM
1004883-100423-1, UNKNOWN, UNKNOWN
1004883-100423-2, UNKNOWN, UNKNOWN
1004979-100401-2, UNKNOWN, UNKNOWN
1004979-100445-1, UNKNOWN, UNKNOWN
1004979-100445-2, UNKNOWN, UNKNOWN
1004979-100447-2, UNKNOWN, UNKNOWN
1005003-100492-1, UNKNOWN, CUSTOM
1005003-100492-2, UNKNOWN, CUSTOM
1005008-100109-1, UNKNOWN, UNKNOWN
1005008-100109-2, UNKNOWN, UNKNOWN
1005009-100109-1, UNKNOWN, CUSTOM
1005009-100109-2, UNKNOWN, CUSTOM
1005033-100200-1, UNKNOWN, UNKNOWN
1005033-100200-2, UNKNOWN, UNKNOWN
1005033-100436-2, UNKNOWN, UNKNOWN
1005045-100520-1, UNKNOWN, UNKNOWN
1005045-100520-2, UNKNOWN, UNKNOWN
1005045-100572-2, UNKNOWN, UNKNOWN
1005045-100574-2, UNKNOWN, UNKNOWN
1005045-100620-2, UNKNOWN, UNKNOWN
1005106-100109-1, UNKNOWN, UNKNOWN
1005106-100109-2, UNKNOWN, UNKNOWN
1005161-100430-1, CUSTOM, CUSTOM
1005161-100430-2, CUSTOM, CUSTOM
1005226-100200-1, UNKNOWN, UNKNOWN
1005226-100200-2, UNKNOWN, UNKNOWN
1005316-100401-1, UNKNOWN, UNKNOWN
1005316-100401-2, UNKNOWN, UNKNOWN
1005373-100522-2, UNKNOWN, UNKNOWN
1005373-100556-2, UNKNOWN, UNKNOWN
1005373-100593-1, UNKNOWN, UNKNOWN
1005373-100593-2, UNKNOWN, UNKNOWN
1005410-100109-1, UNKNOWN, UNKNOWN
1005410-100109-2, UNKNOWN, UNKNOWN
1005411-100105-2, UNKNOWN, CUSTOM
1005411-100109-1, UNKNOWN, CUSTOM
1005411-100109-2, UNKNOWN, CUSTOM
1005422-100200-1, UNKNOWN, UNKNOWN
1005422-100200-2, UNKNOWN, UNKNOWN
1005430-100444-1, UNKNOWN, UNKNOWN
1005504-100109-1, UNKNOWN, UNKNOWN
1005504-100109-2, UNKNOWN, UNKNOWN
1005516-100520-1, UNKNOWN, UNKNOWN
1005549-100520-1, UNKNOWN, UNKNOWN
1005549-100520-2, UNKNOWN, UNKNOWN
1005549-100592-2, UNKNOWN, UNKNOWN
1005590-100399-1, UNKNOWN, CUSTOM
1005590-100399-2, UNKNOWN, CUSTOM
1005591-100550-2, UNKNOWN, UNKNOWN
1005591-100564-1, UNKNOWN, UNKNOWN
1005591-100564-2, UNKNOWN, UNKNOWN
1005706-100520-1, UNKNOWN, UNKNOWN
1005706-100520-2, UNKNOWN, UNKNOWN